rank,bot,elo,matches,wins,losses,ties,win_rate,avg_score_delta,search_rate,search_conversion,prime_rate,carpet_rate,avg_carpet_len,avg_time_left
1,UNK:depth=10, eval=-10000.00, best_search_ev,2370.5,129,122,3,4,0.9612,12.21,0.1618,0.6790,0.4209,0.1438,2.43,214.6
2,UNK:MEGAKNIGHT COUNTER | jumps 40 | target (,2186.0,133,130,1,2,0.9850,10.44,0.0517,0.7455,0.4921,0.1660,2.36,55.2
3,UNK:Last intent: Targeting a length-2 carpet,1974.1,44,41,1,2,0.9545,11.86,0.1761,0.6290,0.4443,0.1562,2.39,163.5
4,UNK:t8 The Anti-Builder: Adaptive Cashouts &,1961.5,34,27,4,3,0.8382,10.50,0.0897,0.6639,0.4897,0.1500,2.51,11.4
5,UNK:Turns=40 | Searches=0 (catches=0 misses=,1934.5,49,46,2,1,0.9490,17.63,0.0000,0.0000,0.4403,0.1883,2.50,236.9
6,UNK:minimax_bot turns=40 guesses=2 acc=100%,1913.7,37,31,6,0,0.8378,9.73,0.0500,1.0000,0.4926,0.1622,2.42,19.9
7,UNK:Turns: 40 | Primes: 17 | Carpets: 7 | Ra,1885.3,35,28,7,0,0.8000,7.60,0.1129,0.7089,0.4250,0.1779,2.32,116.1
8,GammaTurbo_v4c,1864.5,211,133,68,10,0.6540,4.27,0.1375,0.6379,0.4338,0.1513,2.36,44.8
9,UNK:rat_catch_points=20, prime_carpet_points,1862.1,37,30,6,1,0.8243,10.49,0.1709,0.7549,0.4209,0.1459,2.34,20.9
10,UNK:Last intent: Priming current cell, advan,1841.4,47,39,5,3,0.8617,9.89,0.1974,0.6192,0.4213,0.1368,2.36,170.8
11,UNK:t9 The Grandmaster: Flawless Timing & Co,1829.5,221,152,60,9,0.7081,6.54,0.0855,0.6273,0.4794,0.1561,2.51,13.7
12,UNK:Turns: 40 | searches chosen: 0 | best po,1828.1,45,35,9,1,0.7889,4.82,0.0000,0.0000,0.3739,0.1550,2.33,194.9
13,UNK:CPP | TT: 0/0 (0%), size=,1814.6,85,63,22,0,0.7412,4.62,0.0671,0.5965,0.5026,0.1600,2.51,29.8
14,Yolanda_v6,1809.4,72,49,19,4,0.7083,6.61,0.1003,0.5848,0.4972,0.1368,2.54,125.8
15,UNK:Barry played 40 turns. searches=2 (hits=,1806.1,54,27,27,0,0.5000,-0.70,0.0500,0.6574,0.4583,0.1708,2.33,37.3
16,UNK:Last intent: Repositioning RIGHT | Last,1791.4,30,25,4,1,0.8500,9.43,0.2025,0.5967,0.4133,0.1417,2.38,159.4
17,UNK:ajaxquant | turns=40, deepest_depth=7, a,1790.4,110,71,36,3,0.6591,5.19,0.1605,0.5963,0.4223,0.1584,2.29,195.5
18,UNK:FastSword ftw,  Rat Pos: 7
ERROR CODE:,1780.7,52,37,15,0,0.7115,9.67,0.1758,0.6099,0.4382,0.1411,2.47,206.9
19,Argghhhh,1773.5,1264,948,287,29,0.7615,8.61,0.1520,0.5665,0.4537,0.1576,2.55,109.7
20,UNK:turns=40, searches=7, avg_depth=4.95, be,1771.9,35,23,11,1,0.6714,5.40,0.1750,0.6163,0.3829,0.1621,2.34,223.7
21,UNK:FastSword ftw,  Rat Pos: 8
ERROR CODE:,1763.5,54,37,17,0,0.6852,7.89,0.2000,0.5810,0.4171,0.1384,2.48,207.5
22,UNK:t7 The Absolute Truth: Zero Mirages, Per,1754.5,60,34,26,0,0.5667,4.42,0.0792,0.6158,0.4792,0.1567,2.45,11.6
23,UNK:Turns=40 | Searches=1 (catches=1 misses=,1751.1,36,27,7,2,0.7778,5.61,0.0250,1.0000,0.4188,0.1972,2.32,236.9
24,UNK:t6 The Grandmaster: Evaluating Spatial S,1744.8,138,86,47,5,0.6413,2.04,0.0576,0.6541,0.4672,0.1643,2.38,10.8
25,UNK:vTitan Compiled. You have already lost,1743.7,30,17,12,1,0.5833,4.03,0.0000,0.0000,0.4717,0.1650,2.48,12.6
26,UNK:Barry played 40 turns. searches=3 (hits=,1739.3,69,45,24,0,0.6522,3.68,0.0750,0.7150,0.4424,0.1714,2.37,41.2
27,UNK:ajaxquantv4 | turns=40, deepest_depth=,1734.1,100,60,38,2,0.6100,3.28,0.1735,0.5908,0.4153,0.1555,2.35,61.8
28,SearchDepthBot,1728.7,245,134,96,15,0.5776,1.12,0.0672,0.6829,0.4696,0.1617,2.39,30.7
29,S_Bot,1728.7,1080,693,350,37,0.6588,2.96,0.0793,0.5476,0.4824,0.1584,2.42,27.1
30,UNK:ajaxv2 | turns=40, deepest_depth=9, avg_,1727.8,322,198,113,11,0.6320,2.79,0.1959,0.5493,0.4084,0.1526,2.28,130.1
31,Yolanda_Prime_v4,1727.6,292,176,108,8,0.6164,3.19,0.2018,0.5342,0.4163,0.1384,2.54,5.8
32,Yolanda_Prime:_Deep_Alpha-Beta,1724.7,317,163,143,11,0.5315,0.30,0.1244,0.5796,0.4414,0.1590,2.44,159.6
33,UNK:Turn 40 | depth: 100 | nodes: 7 | rat: (,1724.1,38,22,15,1,0.5921,0.97,0.1382,0.5857,0.4336,0.1441,2.38,24.2
34,UNK:The Greedy Capitalist,1722.0,59,34,22,3,0.6017,4.92,0.0000,0.0000,0.5266,0.1654,2.45,77.3
35,Yolanda_Prime_v3,1719.2,332,195,130,7,0.5979,3.15,0.2047,0.5434,0.4160,0.1386,2.46,68.9
36,GameIsAfoot,1713.7,375,220,143,12,0.6027,3.34,0.2003,0.5838,0.4128,0.1425,2.44,45.8
37,UNK:The Grandmaster Capitalist,1711.4,101,50,48,3,0.5099,0.75,0.0000,0.0000,0.5062,0.1777,2.36,76.6
38,UNK:Claude: 40 turns, 5 searches (4 hits), m,1710.4,33,22,8,3,0.7121,5.97,0.1250,0.8000,0.4636,0.1098,2.50,109.0
39,UNK:Barry played 40 turns. searches=5 (hits=,1709.0,35,20,14,1,0.5857,4.37,0.1250,0.7143,0.4143,0.1707,2.26,69.5
40,UNK:Turn 40 | depth: 40 | nodes: 4 | rat: (,1708.2,43,20,22,1,0.4767,0.37,0.1599,0.5236,0.4297,0.1477,2.40,69.6
41,UNK:hedge,1702.7,180,93,84,3,0.5250,-0.62,0.1243,0.6112,0.4325,0.1388,2.35,26.2
42,UNK:you win some you lose some,1702.1,58,30,27,1,0.5259,-1.41,0.1349,0.5527,0.4375,0.1543,2.31,136.9
43,UNK:Guesses: 1/1 (100% accuracy) | Moves:,1699.2,45,30,15,0,0.6667,5.42,0.0250,1.0000,0.4644,0.1656,2.38,15.9
44,UNK:Turn 40 | depth: 40 | nodes: 5 | rat: (,1697.1,83,43,38,2,0.5301,0.11,0.1533,0.5521,0.4220,0.1533,2.33,66.6
45,UNK:JackC: native alpha-beta depth 30 nodes,1695.2,347,207,128,12,0.6138,2.55,0.0340,0.5784,0.5047,0.1734,2.46,100.2
46,JSON_Bot,1693.0,1101,607,461,33,0.5663,2.08,0.1345,0.6080,0.4467,0.1316,2.45,65.4
47,Yolanda_v3_HMM,1692.6,654,408,218,28,0.6453,4.88,0.1767,0.5465,0.4409,0.1338,2.45,121.5
48,UNK:Switch modes early: outrun rat-hunters,,1689.9,92,37,51,4,0.4239,-2.16,0.1193,0.6036,0.4120,0.1603,2.17,1.7
49,Excalibur,1689.6,635,371,247,17,0.5976,4.12,0.1501,0.5569,0.4534,0.1522,2.43,162.1
50,AllFutures,1688.6,389,225,154,10,0.5913,2.07,0.1063,0.6616,0.4395,0.1547,2.36,31.7
51,UNK:minimax_bot turns=40 guesses=0 acc=0% ma,1686.7,59,34,23,2,0.5932,6.02,0.0000,0.0000,0.5364,0.1852,2.46,19.5
52,Agent5_MCTS,1685.8,629,342,261,26,0.5644,2.00,0.1081,0.6493,0.4477,0.1636,2.25,44.4
53,UNK:Turn 40 | depth: 100 | nodes: 13 | rat:,1685.5,62,28,31,3,0.4758,0.71,0.1323,0.5518,0.4379,0.1448,2.40,22.1
54,UNK:DanielBotTuned. Turns played: 40. Depth,1685.3,131,72,57,2,0.5573,2.79,0.1492,0.6471,0.3990,0.1494,2.27,1.0
55,UNK:Turn 40 | depth: 100 | nodes: 10 | rat:,1685.2,44,27,15,2,0.6364,3.91,0.1227,0.6343,0.4375,0.1506,2.45,20.9
56,UNK:CarpetAI max rat belief=,1684.0,261,163,83,15,0.6533,6.02,0.1489,0.6061,0.4528,0.1488,2.43,93.4
57,UNK:JackC: native alpha-beta depth 14 nodes,1684.0,45,28,17,0,0.6222,3.09,0.0244,0.7727,0.4706,0.1761,2.40,238.5
58,UNK:Moriarty[default,learned]: turns=40, max,1683.9,303,178,116,9,0.6023,3.89,0.2035,0.5718,0.4204,0.1436,2.42,44.3
59,UNK:Yolanda v4: corridor bonus + search fix,1683.8,63,37,26,0,0.5873,5.27,0.1956,0.5213,0.4020,0.1536,2.35,236.6
60,UNK:╔═══════════════════════════════════════,1682.9,79,50,27,2,0.6456,4.70,0.1342,0.6698,0.4623,0.1114,2.57,20.4
61,UNK:Vengeance Bot: Deep Alpha-Beta + Fast Ve,1680.9,91,45,41,5,0.5220,1.44,0.1588,0.5536,0.4187,0.1580,2.43,191.7
62,UNK:Barry played 40 turns. searches=4 (hits=,1678.2,74,45,28,1,0.6149,4.99,0.1000,0.7230,0.4287,0.1743,2.30,54.2
63,UNK:FastSword ftw,  Rat Pos: 9
ERROR CODE:,1677.2,45,26,18,1,0.5889,5.93,0.2250,0.6000,0.4006,0.1389,2.26,208.5
64,BoxScoreBot,1675.6,662,319,322,21,0.4977,0.10,0.1071,0.6365,0.4140,0.1614,2.30,21.8
65,UNK:Turns: 40 | searches chosen: 1 | best po,1674.0,112,77,33,2,0.6964,3.73,0.0250,0.8214,0.3962,0.1900,2.22,222.3
66,UNK:FastSword ftw,  Rat Pos: 6
ERROR CODE:,1672.9,36,25,10,1,0.7083,7.44,0.1519,0.6019,0.4578,0.1519,2.38,205.6
67,UNK:V8: Contest-aware James with tunable coe,1669.8,336,206,115,15,0.6354,3.25,0.1061,0.6697,0.4553,0.1535,2.38,37.1
68,Kronos,1665.5,385,238,138,9,0.6299,4.12,0.1618,0.6069,0.4281,0.1526,2.41,110.5
69,GammaTurbo_v2,1665.1,159,99,56,4,0.6352,3.47,0.1352,0.6116,0.4505,0.1461,2.36,27.7
70,UNK:AdvancedQSBot: quiescence search + rat p,1664.3,126,64,60,2,0.5159,-0.42,0.2405,0.5668,0.3794,0.1313,2.30,167.9
71,Yolanda_v4_HMM,1664.3,96,49,43,4,0.5312,-0.35,0.1151,0.5837,0.4266,0.1365,2.22,121.6
72,UNK:FastSword ftw,  Rat Pos: 10
ERROR CODE:,1664.0,41,25,15,1,0.6220,5.00,0.2505,0.5415,0.3757,0.1411,2.37,208.5
73,AgentBot,1663.7,842,449,364,29,0.5505,1.76,0.0608,0.6595,0.4737,0.1638,2.40,63.3
74,UNK:Average Depth:,1660.4,171,91,74,6,0.5497,3.20,0.0803,0.7286,0.4395,0.1683,2.25,13.7
75,UNK:Contest the rat, cash out on time, and s,1659.9,228,113,105,10,0.5175,1.17,0.1109,0.6113,0.4309,0.1573,2.28,2.1
76,UNK:I am tracking the rat using binomial man,1658.3,323,193,126,4,0.6037,3.82,0.1368,0.6061,0.4332,0.1584,2.41,92.3
77,UNK:Uncapped Iterative Deepening & Perfect R,1655.6,36,23,12,1,0.6528,3.31,0.0312,0.6444,0.4819,0.1729,2.38,3.4
78,UNK:Watson[balanced]: turns=40, max_depth=,1653.9,72,37,31,4,0.5417,0.07,0.1715,0.5526,0.4361,0.1389,2.31,40.3
79,UNK:Turns: 40 | Primes: 18 | Carpets: 7 | Ra,1653.1,30,20,10,0,0.6667,4.90,0.1117,0.6716,0.4500,0.1775,2.34,118.0
80,UNK:I know exactly how you evaluate the boar,1650.9,102,54,47,1,0.5343,1.85,0.1375,0.6292,0.3961,0.1525,2.28,86.8
81,UNK:MEGAKNIGHT DEPLOYED | Jumps: 40 | Smash,1649.9,33,20,13,0,0.6061,3.39,0.0364,0.5208,0.4765,0.1545,2.31,14.1
82,UNK:v31 Meta-Exploiter Online. Complexity ch,1646.2,58,24,32,2,0.4310,-2.71,0.1198,0.6475,0.4233,0.1332,2.45,20.2
83,UNK:turns=40, searches=3, hits=3, misses=0,,1644.4,32,18,14,0,0.5625,1.50,0.0750,1.0000,0.4133,0.1680,2.29,236.0
84,UNK:Yolanda v9: endgame EV gate + HMM negati,1640.1,50,29,18,3,0.6100,6.12,0.1420,0.6831,0.4000,0.1655,2.25,236.7
85,UNK:Turn 40 | depth: 100 | nodes: 6 | rat: (,1637.5,61,32,29,0,0.5246,0.95,0.1258,0.5961,0.4463,0.1484,2.39,23.2
86,UNK:ApexBot online. Tracking, planning, adap,1637.4,80,41,37,2,0.5250,-3.06,0.1247,0.5990,0.4084,0.1325,2.30,44.6
87,UNK:Turn 40 | depth: 100 | nodes: 14 | rat:,1636.6,49,26,20,3,0.5612,0.53,0.1265,0.5968,0.4311,0.1536,2.34,21.6
88,GammaTurbo_v3,1636.3,105,56,47,2,0.5429,2.31,0.1333,0.6375,0.4348,0.1521,2.29,27.5
89,UNK:Yolanda v12 | Deny=-1.5 + NoPanicSearch,1634.6,37,21,15,1,0.5811,2.43,0.1628,0.5892,0.4446,0.1264,2.42,125.6
90,UNK:Turn 40 | depth: 100 | nodes: 9 | rat: (,1633.8,33,18,15,0,0.5455,1.88,0.1288,0.6118,0.4326,0.1417,2.38,21.1
91,UNK:v34 Apex Proactive Engine Online. LMR de,1632.9,93,49,38,6,0.5591,2.98,0.1124,0.6507,0.4465,0.1312,2.57,18.7
92,LolEz,1632.8,799,489,289,21,0.6252,4.46,0.1396,0.4967,0.4523,0.1598,2.44,98.5
93,UNK:Primer depth 5, nodes 20, tt_hits 0, sea,1628.5,31,17,13,1,0.5645,0.74,0.1750,0.5668,0.3476,0.1806,2.24,236.8
94,UNK:winner1: HMM + PVS/TT negamax | max_dept,1626.8,211,115,91,5,0.5569,2.46,0.1140,0.6601,0.4836,0.1180,2.55,96.8
95,Yolanda_DebugLog,1625.9,744,341,380,23,0.4738,-1.53,0.1466,0.5849,0.4268,0.1185,2.43,18.5
96,UNK:Yolanda v7 | HMM + ID-Negamax + Aggressi,1624.0,38,22,16,0,0.5789,2.50,0.1632,0.5323,0.4500,0.1270,2.45,124.4
97,NashV3,1622.2,598,335,241,22,0.5786,2.81,0.0538,0.7003,0.4732,0.1653,2.38,40.5
98,AvgSearchP_Bot,1622.0,673,340,317,16,0.5171,-0.75,0.0822,0.6256,0.4507,0.1498,2.30,48.8
99,UNK:Turns: 40 | Primes: 20 | Carpets: 6 | Ra,1620.9,30,17,13,0,0.5667,4.30,0.0867,0.6442,0.5000,0.1517,2.52,102.4
100,UNK:Alpha-Beta Final | Turns: 40, Depth: 2,,1616.8,50,21,25,4,0.4600,-1.02,0.0460,0.4239,0.4885,0.1195,2.62,35.0
101,UNK:Turn 40 | depth: 40 | nodes: 6 | rat: (,1614.3,66,30,34,2,0.4697,-0.26,0.1614,0.5211,0.4424,0.1496,2.38,68.1
102,UNK:DanielBot. Turns played: 40. Depth reach,1613.9,71,35,34,2,0.5070,-0.87,0.1588,0.6319,0.3958,0.1451,2.26,230.6
103,UNK:KrishBot v,1613.6,184,85,96,3,0.4701,-0.64,0.0888,0.6718,0.4178,0.1601,2.26,103.7
104,UNK:Aggressive rat hunting, backed by absolu,1613.1,47,22,22,3,0.5000,-1.04,0.0676,0.7795,0.4351,0.1500,2.32,71.6
105,UNK:Apex Protocol: Safely calculating parity,1612.3,114,56,53,5,0.5132,-1.08,0.1399,0.6317,0.4344,0.1265,2.44,23.1
106,UNK:turns=40, searches=6, avg_depth=5.10, be,1610.8,36,22,14,0,0.6111,6.17,0.1500,0.6019,0.4056,0.1486,2.45,223.6
107,NumericBot,1610.2,50265,28302,20470,1493,0.5779,3.48,0.1043,0.5267,0.4466,0.1607,2.44,92.4
108,UNK:Yolanda[default]: turns=40 max_depth=14,1609.2,205,113,87,5,0.5634,2.26,0.1166,0.6538,0.4365,0.1580,2.31,54.0
109,DhruvAndAllen,1608.6,614,273,325,16,0.4577,-1.02,0.1019,0.5218,0.4694,0.1458,2.34,30.6
110,UNK:ragebait,1608.5,180,116,58,6,0.6611,6.33,0.0198,0.4155,0.4771,0.1937,2.35,193.9
111,UNK:turns=40, searches=5, avg_depth=5.25, be,1608.4,36,21,11,4,0.6389,2.94,0.1250,0.6722,0.3861,0.1701,2.29,223.3
112,UNK:rat_catch_points=16, prime_carpet_points,1604.9,86,52,33,1,0.6105,4.31,0.1570,0.6500,0.4163,0.1436,2.33,20.2
113,UNK:v8Endgame14 online. v8 heuristic core wi,1604.1,68,29,36,3,0.4485,-1.46,0.2171,0.5357,0.3874,0.1333,2.37,44.6
114,UNK:MyBot,1601.3,315,136,170,9,0.4460,-0.17,0.2088,0.5522,0.4178,0.1361,2.34,30.1
115,UNK:Big Mike,1598.0,32,19,13,0,0.5938,2.88,0.1327,0.5663,0.4652,0.1447,2.38,96.8
116,UNK:Turn 40 | rat top: (7, 7):0.016, (6, 7):,1596.8,43,19,23,1,0.4535,-2.44,0.2262,0.5116,0.4128,0.1302,2.36,69.6
117,UNK:Phase23 Fresh Agent Summary
Turns played,1594.6,149,69,77,3,0.4732,-1.13,0.1242,0.5095,0.4301,0.1531,2.25,67.0
118,UNK:alpha sigma alpha epsilon bot mcts alpha,1594.1,153,73,74,6,0.4967,-0.76,0.1466,0.6098,0.4546,0.1108,2.44,68.5
119,Yolanda_v5,1592.7,90,52,36,2,0.5889,2.66,0.0968,0.5764,0.4228,0.1747,2.28,236.5
120,UNK:v25 Active. Tracking opponent as: BALANC,1591.6,155,67,83,5,0.4484,-3.01,0.1437,0.6274,0.4021,0.1260,2.43,23.7
121,UNK:Root-Node Expectiminimax integrated. Rea,1590.0,47,29,16,2,0.6383,4.30,0.2585,0.4342,0.4133,0.1261,2.63,40.0
122,UNK:Turn 40 | depth: 100 | nodes: 15 | rat:,1588.5,58,29,27,2,0.5172,2.34,0.1315,0.6098,0.4272,0.1509,2.31,21.5
123,UNK:Axiom Engine. Pure Game Theory,1587.8,30,14,16,0,0.4667,-1.83,0.0000,0.0000,0.4750,0.1683,2.29,147.0
124,UNK:v2.3,1584.8,135,58,73,4,0.4444,-2.10,0.1641,0.5959,0.3765,0.1411,2.11,170.0
125,Yolanda_v9_HMM,1583.9,308,162,136,10,0.5422,2.16,0.1892,0.5538,0.4553,0.1131,2.47,124.9
126,UNK:Primer depth 5, nodes 37, tt_hits 0, sea,1583.3,38,21,15,2,0.5789,0.45,0.1520,0.6364,0.3737,0.1803,2.27,236.7
127,UNK:Minimax+AB+HMM | turns=40 | rat best@(,1582.3,733,416,295,22,0.5825,2.49,0.1199,0.6021,0.4604,0.1445,2.43,76.6
128,UNK:minimax_bot turns=40 guesses=1 acc=100%,1580.5,65,36,26,3,0.5769,3.60,0.0250,1.0000,0.4915,0.1823,2.40,19.7
129,UNK:Rat: 0.016 at (0, 0) | fails:,1579.1,59,28,31,0,0.4746,-3.07,0.2059,0.5000,0.3979,0.1432,2.25,192.2
130,UNK:Executing Targeted Expectiminimax with C,1577.7,171,101,68,2,0.5965,1.83,0.0939,0.5296,0.4687,0.1583,2.41,48.7
131,UNK:Apples-to-Apples evaluation. No kamikaze,1576.2,93,41,46,6,0.4731,-1.27,0.1124,0.6029,0.4215,0.1586,2.24,70.7
132,Garry_Stockfish,1574.1,305,153,141,11,0.5197,1.30,0.0419,0.5186,0.4657,0.1633,2.52,56.3
133,UNK:Sukhmani_fix,1573.8,88,39,48,1,0.4489,-0.41,0.2008,0.5319,0.4212,0.1290,2.36,23.9
134,UNK:I no longer build to dream; I build to e,1573.0,341,165,165,11,0.5000,0.44,0.0903,0.6306,0.4341,0.1500,2.38,16.6
135,UNK:locked in ?,1572.8,147,76,68,3,0.5272,2.00,0.1844,0.5664,0.4491,0.1097,2.26,4.1
136,UNK:Deidre: expert-trace heuristic with prim,1572.7,94,47,43,4,0.5213,0.28,0.1473,0.5558,0.4320,0.1519,2.30,234.3
137,UNK:ByteBot Initialization complete,1571.4,31,12,17,2,0.4194,-5.65,0.1871,0.5690,0.3758,0.1210,2.34,12.3
138,UNK:RachelleBot V32 | Peak Depth: 12, Final,1567.6,121,67,49,5,0.5744,1.68,0.0527,0.4921,0.4721,0.1252,2.67,102.7
139,UNK:Calvert: Caligula-equivalent AB/eval + d,1567.0,40,20,20,0,0.5000,4.10,0.1194,0.5812,0.4525,0.1506,2.40,234.1
140,UNK:Neel-v13: Run-Length Board Potential + N,1566.7,309,178,121,10,0.5922,3.22,0.0829,0.6777,0.4649,0.1383,2.56,19.4
141,James_Saboteur,1564.1,320,158,150,12,0.5125,1.61,0.0955,0.7138,0.4473,0.1575,2.30,13.8
142,UNK:Neel-v10: HMM regularization + longer ch,1563.4,254,137,111,6,0.5512,1.34,0.0833,0.6749,0.4608,0.1406,2.55,31.2
143,UNK:Turn 40 | depth: 100 | nodes: 4 | rat: (,1562.8,49,24,25,0,0.4898,0.02,0.1413,0.5523,0.4138,0.1510,2.32,26.7
144,TurnsCatches_Bot,1560.6,290,123,158,9,0.4397,-2.34,0.0891,0.6132,0.4348,0.1324,2.36,91.3
145,UNK:v2.2,1559.7,35,13,19,3,0.4143,-2.29,0.1600,0.5938,0.3679,0.1429,2.06,168.0
146,UNK:bot2_5_2 expectiminimax | depth=8 nodes=,1559.4,159,73,82,4,0.4717,-1.19,0.1199,0.6196,0.4185,0.1493,2.23,205.9
147,UNK:Checkmate. AOT Protocol Active,1556.2,59,19,37,3,0.3475,-2.15,0.1403,0.5982,0.4004,0.1199,2.53,27.8
148,UNK:Rat most likely at (1, 5) with p=,1555.9,41,21,20,0,0.5122,-4.02,0.0939,0.5455,0.3817,0.1579,2.34,196.0
149,UNK:EliteAgent turns=40 depth=14 belief=,1553.1,167,82,84,1,0.4940,0.09,0.1575,0.5057,0.4322,0.1278,2.49,188.1
150,UNK:Denise: CarrieStudy-tuned HMM + AB-2 (pr,1552.5,39,16,21,2,0.4359,-3.79,0.1186,0.5459,0.4026,0.1647,2.25,234.5
151,UNK:Play the board well, but contest the rat,1551.2,276,138,124,14,0.5254,0.24,0.0793,0.6651,0.4372,0.1653,2.30,2.1
152,UNK:Turn 40 | depth: 100 | nodes: 5 | rat: (,1550.5,98,49,47,2,0.5102,1.38,0.1452,0.5606,0.4311,0.1548,2.37,26.1
153,UNK:Turns played: 40 | Rat belief max:,1550.0,120,67,51,2,0.5667,-0.09,0.1475,0.5777,0.3469,0.1873,2.10,233.9
154,UNK:Turn 40 | depth: 100 | nodes: 12 | rat:,1548.8,60,28,30,2,0.4833,1.07,0.1183,0.6162,0.4283,0.1562,2.28,21.0
155,UNK:Barry played 40 turns. searches=1 (hits=,1547.8,30,17,12,1,0.5833,6.63,0.0250,0.7667,0.4925,0.1717,2.48,22.6
156,UNK:Rolls(Me): [0, 0, 0, 0, 0, 0, 0] | Rolls,1547.7,44,18,25,1,0.4205,-2.48,0.0915,0.6025,0.4523,0.1619,2.26,53.8
157,OmegaBot,1547.1,367,171,185,11,0.4809,-3.75,0.1630,0.5612,0.3916,0.1240,2.38,12.1
158,Grandmaster_Bot,1546.5,863,356,477,30,0.4299,-3.48,0.1460,0.6015,0.4204,0.1198,2.47,49.2
159,Yolanda3_4,1545.9,281,119,158,4,0.4306,-2.90,0.2205,0.5319,0.3578,0.1233,2.39,228.2
160,UNK:RachelleBot V30 | Depth: 2, Nodes:,1541.3,178,81,92,5,0.4691,-1.38,0.1013,0.4508,0.4441,0.1145,2.69,81.7
161,VenatorMuris,1539.8,339,128,203,8,0.3894,-2.78,0.1064,0.6112,0.4305,0.1379,2.27,56.3
162,UNK:Running Iterative Deepening Minimax,1539.6,189,81,94,14,0.4656,0.58,0.0000,0.0000,0.4758,0.1835,2.36,181.1
163,UNK:bot2_5 expectiminimax | depth=6 nodes=,1539.3,181,82,95,4,0.4641,-0.65,0.0986,0.6639,0.4220,0.1482,2.37,231.5
164,UNK:thoruzi (alphazero),1534.9,31,10,19,2,0.3548,-6.42,0.1960,0.5885,0.4081,0.1105,2.34,74.4
165,UNK:Turns: 40 | searches chosen: 2 | best po,1533.7,182,87,88,7,0.4973,-1.29,0.0500,0.8214,0.3703,0.1848,2.12,220.7
166,LongGameAgent,1532.7,752,308,415,29,0.4289,-3.56,0.0640,0.5816,0.4149,0.1865,2.12,39.1
167,UNK:Rat most likely at (6, 3) with p=,1531.6,31,11,16,4,0.4194,-4.06,0.1315,0.4969,0.3919,0.1524,2.24,165.4
168,UNK:I think the rat is most likely at (0, 0),1531.3,57,21,35,1,0.3772,-3.74,0.0548,0.4080,0.4456,0.1807,2.32,129.4
169,UNK:rat_catch_points=4, prime_carpet_points=,1530.8,50,24,26,0,0.4800,-1.44,0.0715,0.3916,0.4635,0.1600,2.50,20.7
170,UNK:turns=40, depth=16, nodes=128, searches=,1527.1,40,18,22,0,0.4500,-2.30,0.1406,0.5289,0.4406,0.1394,2.34,88.7
171,UNK:Turn 40 | depth: 100 | nodes: 11 | rat:,1526.3,67,34,28,5,0.5448,1.37,0.1313,0.6108,0.4354,0.1507,2.34,23.4
172,UNK:DIAGNOSTIC | Turns: 40 | Avg Depth:,1523.3,108,48,55,5,0.4676,-0.15,0.1514,0.5382,0.4190,0.1558,2.36,25.0
173,UNK:Turn 40 | depth: 100 | nodes: 16 | rat:,1522.9,31,17,13,1,0.5645,2.97,0.1403,0.5690,0.4290,0.1532,2.35,21.6
174,BeliefPeak_Bot,1522.3,898,420,452,26,0.4822,0.43,0.0644,0.7213,0.4094,0.1578,2.24,216.0
175,BaselineHMM,1521.9,464,231,215,18,0.5172,1.44,0.1585,0.5797,0.4005,0.1620,2.25,161.7
176,UNK:Rocco: HMM + negamax. max_depth=13 hist=,1518.3,238,104,121,13,0.4643,0.72,0.1641,0.5896,0.4168,0.1110,2.48,98.7
177,UNK:HMMMiniAB turns=40, depth=8, searches=,1517.6,284,143,135,6,0.5141,1.86,0.0623,0.6864,0.4353,0.1670,2.31,180.0
178,UNK:Primer depth 5, nodes 12, tt_hits 0, sea,1516.5,31,8,20,3,0.3065,-5.97,0.1750,0.5853,0.3298,0.1435,2.38,236.8
179,UNK:Turns: 40 | searches chosen: 7 | best po,1515.9,89,23,65,1,0.2640,-6.25,0.1750,0.5746,0.3258,0.1680,2.03,227.6
180,UNK:GG,1515.6,266,105,150,11,0.4154,-0.95,0.1734,0.5258,0.4090,0.1425,2.32,177.5
181,TurnSearchHits_Bot,1513.7,529,212,301,16,0.4159,-1.33,0.1044,0.5923,0.4578,0.1213,2.41,219.1
182,UNK:v10 online. Strategist search with v8 sp,1513.1,30,16,14,0,0.5333,-3.40,0.1267,0.6053,0.3733,0.1308,2.38,48.8
183,UNK:Agent: RLEE
Rat search predictions vs ac,1513.1,42,19,21,2,0.4762,-0.19,0.1333,0.5089,0.4524,0.1518,2.44,23.7
184,SearchedTimes_Bot,1513.0,184,59,121,4,0.3315,-6.40,0.0780,0.5017,0.3918,0.1647,2.18,153.3
185,GG_Bot,1512.6,1055,426,600,29,0.4175,-3.00,0.1127,0.4956,0.4053,0.1478,2.37,139.8
186,UNK:ULTIMATE_KING (alphazero) | opp=BUILDER,1512.4,53,22,30,1,0.4245,-5.60,0.1774,0.6596,0.4127,0.1094,2.41,22.4
187,GoodGameExcl,1509.4,575,312,253,10,0.5513,3.00,0.1843,0.4894,0.4050,0.1264,2.50,35.9
188,UNK:Chudlife worship,1509.3,32,12,18,2,0.4062,-4.72,0.0953,0.4836,0.4992,0.1492,2.47,99.8
189,UNK:Jack: JJ plus HMM rat tracking and oppor,1508.7,221,83,132,6,0.3891,-0.13,0.0741,0.5481,0.4322,0.1825,2.25,201.2
190,UNK:Primer depth 5, nodes 16, tt_hits 0, sea,1507.4,44,19,24,1,0.4432,-0.95,0.1727,0.5493,0.3420,0.1841,2.23,236.8
191,UNK:PotentialBot online. Carrie-style field,1507.1,32,13,17,2,0.4375,-3.66,0.1383,0.6328,0.3930,0.1375,2.35,39.0
192,UNK:ULTIMATE_KING (alphazero) | opp=BALANCED,1506.1,39,17,20,2,0.4615,-1.87,0.1647,0.6342,0.4372,0.1231,2.49,18.3
193,UNK:(Yolanda-Ultimate) Tracking rat trajecto,1505.9,47,19,28,0,0.4043,-2.30,0.1059,0.5578,0.4106,0.1399,2.23,39.9
194,UNK:PiedPiper plays the tune,1505.1,158,74,81,3,0.4778,-1.18,0.1077,0.5782,0.3919,0.1407,2.46,236.4
195,DhruvAndAllen_Cython,1504.6,1002,490,482,30,0.5040,0.57,0.0751,0.5591,0.4970,0.1586,2.34,39.1
196,CanWeFix,1501.6,316,155,152,9,0.5047,-1.03,0.1042,0.5928,0.4271,0.1649,2.25,13.2
197,Yolanda_RefinedApex,1500.0,98,31,63,4,0.3367,-5.79,0.1354,0.5426,0.4473,0.1162,2.08,122.9
198,CuriousGeorge,1499.7,360,181,172,7,0.5125,2.85,0.1383,0.5712,0.3586,0.1253,2.55,237.7
199,George_Seeking,1499.3,408,204,191,13,0.5159,2.40,0.1348,0.5774,0.3557,0.1265,2.53,237.7
200,UNK:Rat most likely at (5, 5) with p=,1499.1,32,11,21,0,0.3438,-6.28,0.1617,0.4396,0.3875,0.1414,2.38,168.5
201,UNK:ajaxquantv5 | turns=40, deepest_depth=,1497.3,125,50,70,5,0.4200,-1.75,0.1670,0.5868,0.4018,0.1640,2.12,76.7
202,UNK:Albert-Slayer Ultimate | Turns: 40, Dept,1496.2,65,23,41,1,0.3615,-5.18,0.1827,0.4084,0.4054,0.1042,2.68,66.9
203,UNK:AKIR-v,1495.5,150,59,87,4,0.4067,-2.03,0.1045,0.5279,0.4487,0.1118,2.34,60.5
204,UNK:TeamBot_v2 | evaluator=heuristic-only,1494.3,73,31,40,2,0.4384,-2.71,0.0753,0.7091,0.4349,0.1432,2.14,21.3
205,UNK:v32 Oracle Engine Online. 20-Turn Vorono,1491.3,64,21,42,1,0.3359,-4.25,0.1156,0.6892,0.4090,0.1195,2.40,22.5
206,UNK:Aanya v2.0: Deep Negamax Titan | O(1) Ev,1489.5,34,17,15,2,0.5294,2.41,0.1941,0.5379,0.4088,0.1176,2.35,6.8
207,UNK:Caligula: adaptive HMM rat hunter with a,1488.7,38,27,11,0,0.7105,11.95,0.1257,0.4817,0.4579,0.1520,2.52,233.8
208,GoodGameCapExcl,1486.6,555,256,283,16,0.4757,-2.79,0.1436,0.4980,0.4175,0.1380,2.29,73.5
209,UNK:rat_catch_points=12, prime_carpet_points,1486.4,100,45,52,3,0.4650,0.45,0.1343,0.5717,0.4295,0.1462,2.36,19.8
210,GoodGameBot,1484.4,691,281,388,22,0.4226,-3.35,0.2722,0.4515,0.3448,0.1449,2.25,8.1
211,Yolanda_Prime_v1_2,1482.3,151,50,101,0,0.3311,-6.70,0.2210,0.4921,0.3584,0.1242,2.43,237.9
212,Rattus,1481.6,390,105,271,14,0.2872,-6.38,0.0919,0.5862,0.4465,0.1316,2.40,50.1
213,AGI_2Years,1479.3,367,169,190,8,0.4714,1.10,0.1410,0.5510,0.3534,0.1243,2.53,237.7
214,UNK:RachelleBot V29 | Depth: 2, Nodes:,1477.8,39,20,18,1,0.5256,-1.21,0.0949,0.4189,0.4404,0.1205,2.55,77.2
215,Jeff,1476.2,283,118,156,9,0.4329,-1.07,0.0800,0.6634,0.4727,0.1292,2.48,67.6
216,George_Variant,1474.6,767,381,371,15,0.5065,1.49,0.1442,0.5487,0.3477,0.1239,2.52,237.7
217,UNK:rat_catch_points=8, prime_carpet_points=,1473.2,93,39,54,0,0.4194,-1.23,0.1058,0.4898,0.4379,0.1538,2.39,22.9
218,AnselEdstem,1471.8,398,206,181,11,0.5314,3.40,0.1351,0.5553,0.3567,0.1268,2.55,237.7
219,ImTired,1470.4,411,209,194,8,0.5182,1.29,0.1414,0.5706,0.3480,0.1249,2.51,237.7
220,UNK:strategy=depth2_minimax
reason=board_lin,1470.1,83,25,56,2,0.3133,-6.88,0.0657,0.6468,0.4196,0.1274,2.28,139.7
221,UNK:mode=endgame; move PLAIN(RIGHT); p=,1470.0,62,25,33,4,0.4355,-2.87,0.0630,0.6923,0.4028,0.1733,2.33,137.5
222,UNK:Nemesis-1 T40. Last=PLAIN(UP). Peak=,1469.9,35,14,21,0,0.4000,1.46,0.0471,0.6970,0.4500,0.1543,2.31,37.0
223,UNK:Join fencing, stab your friends!,1469.4,394,196,183,15,0.5165,2.63,0.1408,0.5645,0.3516,0.1268,2.55,237.7
224,UNK:RLAgent [heuristic] turns=40 depth=12 be,1468.1,64,26,37,1,0.4141,-5.69,0.2285,0.4701,0.3492,0.1520,2.30,97.5
225,UNK:Advanced_v1: quiescence search + rat pro,1466.5,42,16,26,0,0.3810,-0.93,0.1762,0.6014,0.4244,0.1405,2.32,145.3
226,ObjectiveC,1466.2,366,175,182,9,0.4904,0.05,0.1366,0.5539,0.3542,0.1246,2.54,237.7
227,THWG,1465.6,367,186,173,8,0.5177,2.38,0.1352,0.5535,0.3534,0.1253,2.54,237.7
228,AlphaBetaNodes_Bot,1464.8,842,311,509,22,0.3824,-4.31,0.2777,0.4788,0.2993,0.1496,2.26,178.1
229,YolandaG2V4,1463.4,260,112,140,8,0.4462,-1.80,0.0794,0.5048,0.4376,0.1737,2.29,61.9
230,George_Nickel,1463.0,384,181,198,5,0.4779,-0.42,0.1460,0.5634,0.3406,0.1246,2.49,237.7
231,UNK:Turns: 40 | searches chosen: 3 | best po,1462.8,217,85,125,7,0.4078,-4.70,0.0750,0.7512,0.3429,0.1820,2.07,225.9
232,UNK:Turns: 40 | searches chosen: 6 | best po,1462.3,122,32,82,8,0.2951,-6.43,0.1500,0.6148,0.3297,0.1738,1.99,229.1
233,UNK:ff,1458.6,55,24,28,3,0.4636,2.58,0.0495,0.6330,0.5109,0.1195,2.56,82.1
234,UNK:Carrie,1455.1,231,93,133,5,0.4134,-2.91,0.1760,0.5788,0.3921,0.1388,2.32,149.6
235,UNK:V39 Pragmatist | Depth: 2, Nodes:,1454.6,40,19,18,3,0.5125,-0.25,0.0344,0.6000,0.4813,0.1725,2.28,19.9
236,UNK:Played 40 turns, caught rat 4 time(s),1453.8,39,12,25,2,0.3333,-2.49,0.2109,0.4802,0.4006,0.1314,2.27,65.9
237,UNK:minimax_bot turns=40 guesses=1 acc=0% ma,1453.8,31,10,19,2,0.3548,-3.68,0.0250,0.0000,0.5008,0.1863,2.29,19.7
238,BananaPeel,1451.4,390,202,176,12,0.5333,2.22,0.1350,0.5699,0.3563,0.1251,2.54,237.7
239,Descartes,1446.1,381,179,186,16,0.4908,1.54,0.1425,0.5346,0.3486,0.1249,2.56,237.7
240,UNK:BeliefSpaceBot depth=5 nodes=0 budget=,1446.0,78,37,39,2,0.4872,1.72,0.1022,0.5737,0.4199,0.1715,2.36,216.9
241,UNK:v1.9,1445.2,132,62,66,4,0.4848,-0.27,0.1466,0.4961,0.3843,0.1318,2.23,130.2
242,George_Maybe,1444.5,372,181,186,5,0.4933,1.87,0.1400,0.5605,0.3550,0.1230,2.54,237.7
243,UNK:Well played. Probably,1444.3,359,167,183,9,0.4777,1.21,0.1431,0.5679,0.3457,0.1226,2.55,237.7
244,TurnsTimeSpent_Bot,1443.4,440,197,227,16,0.4659,0.16,0.1270,0.5749,0.3498,0.1601,2.11,217.3
245,UNK:turns=40, searches=3, hits=2, misses=1,,1443.0,32,10,19,3,0.3594,-3.12,0.0750,0.6667,0.4047,0.1828,2.12,236.3
246,Yolanda_BotLogic,1441.7,445,139,295,11,0.3247,-5.13,0.1603,0.4114,0.4019,0.1285,2.42,121.8
247,UNK:My battery is low and it's getting dark,1441.1,352,156,187,9,0.4560,0.46,0.1388,0.5788,0.3473,0.1258,2.52,237.7
248,UNK:v38 Singularity Engine Online. Uncapped,1440.9,34,11,22,1,0.3382,-5.32,0.1243,0.6509,0.3868,0.1147,2.52,0.9
249,UNK:You're trapped! Noise-Aware HMM & Iterat,1440.8,41,18,23,0,0.4390,-1.37,0.1000,0.3598,0.3762,0.1738,2.31,235.3
250,UNK:(agent5) Calculating carpet chains and r,1440.8,131,44,83,4,0.3511,-3.32,0.0567,0.6330,0.4254,0.1462,2.21,32.5
251,UNK:Turns: 40 | Rat searches — hits: 1, miss,1439.7,54,23,30,1,0.4352,-6.67,0.1213,0.2137,0.4778,0.1236,2.60,135.0
252,UNK:Rat belief peak at (0,0)  p=0.016  searc,1433.1,72,29,42,1,0.4097,-10.36,0.1750,0.4206,0.3233,0.0892,2.71,238.8
253,UNK:Depth reached:,1432.8,251,110,134,7,0.4522,-3.54,0.3157,0.4425,0.3478,0.1287,2.40,202.1
254,UNK:We are praying this works,1431.9,99,31,60,8,0.3535,-5.14,0.0346,0.5839,0.4321,0.1573,2.25,47.2
255,BetterThanSiri,1431.7,395,191,199,5,0.4899,0.24,0.1345,0.5606,0.3495,0.1213,2.50,237.7
256,UNK:Turns: 40 | searches chosen: 4 | best po,1427.3,218,71,138,9,0.3463,-5.37,0.1000,0.7007,0.3357,0.1800,2.04,226.2
257,GZHAD_Bot,1425.8,460,184,262,14,0.4152,-3.98,0.1755,0.4487,0.3945,0.1276,2.20,171.8
258,UNK:Thinking,1425.8,269,94,163,12,0.3717,-5.17,0.1442,0.4768,0.4116,0.1022,2.49,119.2
259,George_Remember,1423.5,394,186,194,14,0.4898,0.28,0.1401,0.5446,0.3531,0.1241,2.53,237.7
260,EverythingNotSaved,1423.1,397,182,204,11,0.4723,-0.10,0.1410,0.5563,0.3489,0.1243,2.52,237.7
261,UNK:Miles_Ahad_V6 is online,1422.9,132,58,72,2,0.4470,1.39,0.0848,0.5424,0.4375,0.1534,2.38,1.5
262,MIT_GT,1422.1,395,177,215,3,0.4519,0.71,0.1389,0.5555,0.3492,0.1220,2.53,237.7
263,UNK:Turn 40 | Last action: MCTS iters:,1421.4,97,49,44,4,0.5258,0.80,0.1660,0.5248,0.3838,0.1590,2.36,89.2
264,CloudmanCapital,1420.1,369,161,198,10,0.4499,0.64,0.1412,0.5554,0.3465,0.1216,2.55,237.7
265,UNK:ArjunAndGary out,1418.6,51,20,30,1,0.4020,-0.59,0.1598,0.6319,0.4250,0.1377,2.26,234.3
266,UNK:Albert-Slayer V5 | Depth: 2, Nodes:,1417.3,66,20,42,4,0.3333,-3.92,0.0481,0.4331,0.4553,0.1178,2.62,24.4
267,UNK:Agent: HJOHN
Rat search predictions vs a,1415.1,38,14,22,2,0.3947,-0.68,0.2039,0.4903,0.4217,0.1342,2.15,23.9
268,PaceMax,1413.0,504,214,276,14,0.4385,-1.81,0.1500,0.5366,0.3369,0.1686,2.12,239.7
269,UNK:TeamBot | evaluator=heuristic-only,1412.9,261,105,150,6,0.4138,-4.97,0.2199,0.5472,0.4073,0.0903,2.31,59.1
270,George_Dreams,1411.8,377,175,192,10,0.4775,1.05,0.1326,0.5780,0.3508,0.1253,2.53,237.7
271,ID_AlphaBeta_HMM,1409.8,327,108,212,7,0.3410,-4.43,0.1453,0.4574,0.4479,0.1175,2.21,57.8
272,SearchesEq_Bot,1408.0,264,77,187,0,0.2917,-7.25,0.2219,0.4959,0.3610,0.1208,2.36,222.7
273,George_Needs,1406.9,384,175,200,9,0.4674,-0.28,0.1460,0.5456,0.3479,0.1233,2.53,237.7
274,UNK:SomeRat4: mobility+steal eval + smarter,1405.1,49,15,30,4,0.3469,-2.08,0.0327,0.7031,0.4388,0.2000,2.28,75.3
275,UNK:smoooooth operatooorrr,1404.6,374,175,187,12,0.4840,0.19,0.1401,0.5597,0.3502,0.1254,2.53,237.7
276,RattleBot,1400.1,632,172,450,10,0.2801,-9.58,0.2403,0.4782,0.3650,0.0839,2.30,47.8
277,UNK:KrishBot,1393.8,50,16,33,1,0.3300,-6.68,0.2635,0.4080,0.3260,0.1345,2.37,238.0
278,UNK:ApexAgent turns=40, depth=8, belief_peak,1393.6,37,14,22,1,0.3919,-7.81,0.2446,0.4530,0.2919,0.1149,2.39,210.9
279,UNK:Turns: 40 | Rat searches — hits: 0, miss,1391.0,50,16,32,2,0.3400,-5.82,0.0420,0.0357,0.4795,0.1575,2.45,115.0
280,UNK:Turns: 40 | Rat searches — hits: 3, miss,1389.9,40,11,27,2,0.3000,-5.38,0.1925,0.3896,0.4400,0.1194,2.39,147.2
281,UNK:Turns: 40 | searches chosen: 8 | best po,1385.2,47,7,39,1,0.1596,-8.28,0.2000,0.5612,0.3266,0.1617,2.07,224.6
282,UNK:turns=40, searches=1, belief_resets=,1383.5,61,26,34,1,0.4344,-1.64,0.0250,0.7049,0.5209,0.1332,2.50,228.6
283,George_Institute,1382.9,370,180,180,10,0.5000,1.52,0.1352,0.5546,0.3523,0.1246,2.55,237.7
284,UNK:Turns played: 40, searches made: 2, last,1381.7,32,12,20,0,0.3750,-4.75,0.0500,0.7500,0.3750,0.1914,1.97,239.3
285,UNK:Turns played: 40, searches made: 3, last,1381.3,31,12,19,0,0.3871,-5.19,0.0750,0.6989,0.3645,0.1944,1.93,239.3
286,HopeForA,1380.3,841,313,505,23,0.3859,-4.30,0.1124,0.6050,0.4110,0.1430,2.29,96.9
287,UNK:Rat most likely at (1, 4) with p=,1380.3,43,15,25,3,0.3837,-9.07,0.1401,0.4772,0.3878,0.1413,2.30,159.7
288,UNK:NNAgent [NN+search] turns=40 depth=12 be,1380.1,146,54,87,5,0.3870,-4.17,0.2402,0.4326,0.3594,0.1574,2.34,97.4
289,UNK:Turns: 40 | searches chosen: 5 | best po,1376.8,208,45,155,8,0.2356,-7.12,0.1250,0.6163,0.3303,0.1816,2.03,227.1
290,UNK:turns=40, searches=3, belief_resets=,1374.3,42,18,24,0,0.4286,-0.26,0.0750,0.7222,0.4792,0.1381,2.42,212.9
291,UNK:Score:,1369.3,192,69,118,5,0.3724,-5.18,0.1201,0.5464,0.4292,0.0963,2.65,239.6
292,UNK:ByteKnight max_belief=,1364.1,41,13,27,1,0.3293,-7.24,0.1110,0.6264,0.3396,0.1055,2.40,239.8
293,UNK:Waddle! peak rat belief,1363.0,47,22,23,2,0.4894,-1.43,0.2014,0.5243,0.2842,0.1421,2.13,239.5
294,CarpetKing_Bot,1361.7,290,92,191,7,0.3293,-5.13,0.0802,0.6215,0.3828,0.1842,2.14,145.4
295,UNK:Iterative Deepening Alpha-Beta + HMM,1360.8,100,36,62,2,0.3700,-2.47,0.2263,0.4707,0.3852,0.1158,2.41,230.2
296,UNK:I am Omega. My presence guarantees your,1359.2,67,5,61,1,0.0821,-30.30,0.1608,0.5035,0.2646,0.1310,1.52,138.9
297,UNK:Turns: 40 | Rat searches — hits: 2, miss,1351.4,49,18,31,0,0.3673,-6.49,0.1444,0.3534,0.4367,0.1378,2.37,145.3
298,UNK:AKIR-SIMPLE-EXPECTIMAX,1350.5,41,19,22,0,0.4634,4.15,0.0000,0.0000,0.5024,0.1384,2.51,31.6
299,UNK:Joe4++: belief smoothing + adaptive sear,1348.7,51,24,26,1,0.4804,2.12,0.0000,0.0000,0.4049,0.1931,2.29,237.8
300,UNK:turns=40, searches=2, belief_resets=,1345.3,46,19,26,1,0.4239,1.52,0.0500,0.6739,0.4902,0.1364,2.41,216.0
301,HybridScout_Bot,1333.2,359,75,274,10,0.2228,-16.15,0.0653,0.5608,0.3483,0.1243,2.21,71.2
302,UNK:CarpetHMM. Turns played: 40. Last belief,1332.0,159,68,91,0,0.4277,-1.85,0.1717,0.4982,0.3906,0.0882,2.79,153.4
303,UNK:Played 40 turns, caught rat 3 time(s),1328.2,49,11,36,2,0.2449,-7.02,0.1857,0.4176,0.4015,0.1352,2.23,63.4
304,Yolanda3_3,1313.4,42,14,26,2,0.3571,-7.33,0.2494,0.4869,0.3446,0.1077,2.57,238.3
305,ScoreNow,1290.5,81,25,54,2,0.3210,-6.06,0.0000,0.0000,0.4926,0.1358,2.32,239.9
306,UNK:ByteChampion: HMM belief + 2-ply minimax,1287.6,162,42,117,3,0.2685,-9.54,0.1168,0.5535,0.2742,0.1366,2.12,239.6
307,UNK:Pandemonium online. Threat portfolio act,1276.0,37,8,29,0,0.2162,-13.68,0.2264,0.5015,0.3068,0.1432,2.20,229.5
308,UNK:cassie: hmm + mcts+ab hybrid [submission,1275.0,54,25,28,1,0.4722,-1.83,0.0000,0.0000,0.3634,0.2000,1.94,236.5
309,UNK:MEGAKNIGHT SMASH | jumps 40 | target (,1274.1,128,15,105,8,0.1484,-6.76,0.0912,0.4968,0.4592,0.1572,2.25,51.9
310,UNK:HMM tracker + utility planner active,1272.8,168,29,136,3,0.1815,-17.77,0.2426,0.4025,0.2987,0.1433,2.15,238.8
311,BeliefSearch_Bot,1269.1,213,74,134,5,0.3592,-0.15,0.0379,0.6316,0.3993,0.1596,2.34,239.7
312,Yolanda_Expecti,1268.4,200,47,151,2,0.2400,-11.74,0.2562,0.4854,0.2916,0.1313,1.96,151.5
313,AZAgent_Bot,1268.1,38,7,30,1,0.1974,-11.18,0.2572,0.4476,0.2967,0.1454,2.18,102.8
314,UNK:fweh!,1253.6,43,18,24,1,0.4302,0.19,0.0000,0.0000,0.3407,0.1872,1.95,168.0
315,Hubert_Skeletrix,1245.2,80,27,50,3,0.3563,-4.50,0.1266,0.2593,0.3762,0.1684,2.29,239.0
316,UNK:Played 40 turns, caught rat 2 time(s),1241.8,38,6,31,1,0.1711,-15.11,0.2039,0.2581,0.4059,0.1316,2.29,63.5
317,UNK:Turns played: 40 | Rat belief: max P=,1230.5,33,6,26,1,0.1970,-8.64,0.2417,0.4420,0.3712,0.1356,2.28,232.8
318,ImprovedAgent,1216.8,41,7,33,1,0.1829,-12.32,0.2878,0.4492,0.3470,0.1348,1.86,234.4
319,UNK:Rat belief at end of game:
0.00 0.00,1207.6,116,36,80,0,0.3103,-8.24,0.1716,0.4786,0.3308,0.0888,2.66,240.0
320,Baseline_vN,1190.1,40,5,35,0,0.1250,-12.00,0.1006,0.6770,0.3944,0.1338,1.96,44.2
321,UNK:build lanes, cash carpets,1157.8,40,16,24,0,0.4000,-1.30,0.0550,0.2614,0.4037,0.0831,2.80,239.3
322,RatBeliefPeak_Bot,1149.4,209,61,144,4,0.3014,-8.98,0.0879,0.5116,0.3508,0.1083,2.06,240.0
323,BotSummary_Bot,1136.4,171,17,154,0,0.0994,-20.74,0.0224,0.7778,0.3346,0.1547,1.85,21.5
324,UNK:gl hf,1127.7,52,17,35,0,0.3269,-37.02,0.6861,0.1600,0.1892,0.0448,2.92,55.1
325,Johnson_Agent,1000.1,38,7,31,0,0.1842,-21.58,0.0908,0.4058,0.1151,0.0401,1.67,236.3
326,UNK:bro wtf,971.9,117,37,79,1,0.3205,-6.83,0.0000,0.0000,0.3094,0.1188,2.03,240.0
327,UNK:depth=10, eval=10000.00, best_search_ev=,523.9,109,0,109,0,0.0000,-9.74,0.1966,0.4469,0.3993,0.1463,2.24,214.1
